StoreID,Revenue
173.0,784086.5349999999
405.0,785431.0320000001
302.0,787222.495
188.0,793043.9454999999
39.0,815008.7015000001
273.0,818678.1375
130.0,877942.477
310.0,878861.196
313.0,941599.5135
147.0,944306.797
